country,year,litres_per_capita_average,happiness_score,gdp_per_capita,healthy_life_expectancy
Switzerland,2015,11.5,7.587,1.39651,0.94143
Iceland,2015,8.7,7.561,1.30232,0.94784
Denmark,2015,10.4,7.527,1.32548,0.87464
Norway,2015,7.1,7.522,1.459,0.88521
Canada,2015,9.0,7.427,1.32629,0.90563
Finland,2015,11.0,7.406,1.29025,0.88911
Netherlands,2015,9.6,7.378,1.32944,0.89284
Sweden,2015,9.1,7.364,1.33171,0.91087
New Zealand,2015,10.4,7.286,1.25018,0.90837
Australia,2015,10.8,7.284,1.33358,0.93156
Israel,2015,3.9,7.278,1.22857,0.91387
Costa Rica,2015,4.1,7.226,0.95578,0.86027
Austria,2015,12.1,7.2,1.33723,0.89042
Mexico,2015,5.0,7.187,1.02054,0.81444
Brazil,2015,7.9,6.983,0.98124,0.69702
Luxembourg,2015,12.7,6.946,1.56391,0.91894
Ireland,2015,12.6,6.94,1.33596,0.89533
Belgium,2015,11.8,6.937,1.30782,0.89667
United Arab Emirates,2015,3.8,6.901,1.42727,0.80925
Oman,2015,0.8,6.853,1.36011,0.76276
Singapore,2015,2.1,6.798,1.52186,1.02525
Panama,2015,7.6,6.786,1.06353,0.79661
Germany,2015,13.0,6.75,1.32792,0.89186
Chile,2015,9.2,6.67,1.10715,0.85857
Qatar,2015,1.6,6.611,1.69042,0.79733
France,2015,12.6,6.575,1.27778,0.94579
Argentina,2015,9.6,6.574,1.05351,0.78723
Uruguay,2015,7.0,6.485,1.06166,0.8116
Colombia,2015,5.6,6.477,0.91861,0.69077
Thailand,2015,8.8,6.455,0.9669,0.7385
Saudi Arabia,2015,0.0,6.411,1.39541,0.72025
Spain,2015,11.4,6.329,1.23011,0.95562
Malta,2015,7.6,6.302,1.2074,0.88721
Kuwait,2015,0.0,6.295,1.55422,0.72492
Suriname,2015,6.3,6.269,0.99534,0.6082
Trinidad and Tobago,2015,6.7,6.168,1.21183,0.61483
El Salvador,2015,3.6,6.13,0.76454,0.67737
Guatemala,2015,1.7,6.123,0.74553,0.64425
Uzbekistan,2015,2.5,6.003,0.63244,0.59772
Slovakia,2015,11.2,5.995,1.16891,0.78902
Japan,2015,9.9,5.987,1.27074,0.99111
Ecuador,2015,3.9,5.975,0.86402,0.79075
Bahrain,2015,1.4,5.96,1.32376,0.74716
Italy,2015,7.7,5.948,1.25114,0.95446
Paraguay,2015,6.7,5.878,0.75985,0.66098
Kazakhstan,2015,4.7,5.855,1.12254,0.64368
Slovenia,2015,12.7,5.848,1.18498,0.87337
Lithuania,2015,15.4,5.833,1.14723,0.73128
Nicaragua,2015,5.0,5.828,0.59325,0.74314
Peru,2015,7.0,5.824,0.90019,0.73017
Belarus,2015,11.1,5.813,1.03192,0.73608
Poland,2015,11.6,5.791,1.12555,0.77903
Malaysia,2015,0.8,5.77,1.12486,0.72394
Croatia,2015,8.8,5.759,1.08254,0.78805
Libya,2015,0.0,5.754,1.13145,0.7038
Jamaica,2015,4.0,5.709,0.81038,0.68741
Cyprus,2015,10.8,5.689,1.20813,0.92356
Algeria,2015,0.6,5.605,0.93929,0.61766
Turkmenistan,2015,3.4,5.548,0.95847,0.53886
Mauritius,2015,4.3,5.477,1.00761,0.7095
Estonia,2015,14.4,5.429,1.15174,0.77361
Indonesia,2015,0.2,5.399,0.82827,0.63793
Turkey,2015,1.9,5.332,1.06098,0.73172
Kyrgyzstan,2015,6.2,5.286,0.47428,0.65088
Nigeria,2015,6.1,5.268,0.65435,0.16007
Bhutan,2015,0.3,5.253,0.77042,0.57407
Azerbaijan,2015,0.5,5.212,1.02389,0.64045
Pakistan,2015,0.3,5.194,0.59543,0.51466
Jordan,2015,0.6,5.192,0.90198,0.69639
Montenegro,2015,11.1,5.192,0.97438,0.72521
China,2015,7.1,5.14,0.89012,0.81658
Zambia,2015,4.5,5.129,0.47038,0.29924
Romania,2015,11.6,5.124,1.04345,0.7689
Serbia,2015,8.8,5.123,0.92053,0.74836
Portugal,2015,11.9,5.102,1.15991,0.87519
Latvia,2015,11.0,5.098,1.11312,0.72437
Philippines,2015,6.7,5.073,0.70532,0.58114
Morocco,2015,0.4,5.013,0.73479,0.60954
Mozambique,2015,2.3,4.971,0.08308,0.09131
Albania,2015,6.4,4.959,0.87867,0.81325
Bosnia and Herzegovina,2015,7.2,4.949,0.83223,0.79081
Lesotho,2015,5.1,4.898,0.37545,0.07612
Dominican Republic,2015,6.4,4.885,0.89537,0.66825
Mongolia,2015,8.5,4.874,0.82819,0.60268
Greece,2015,10.8,4.857,1.15406,0.88213
Lebanon,2015,1.5,4.839,1.02564,0.83947
Hungary,2015,11.6,4.8,1.12094,0.75905
Honduras,2015,3.5,4.788,0.59532,0.6951
Tajikistan,2015,0.9,4.786,0.39047,0.57379
Tunisia,2015,2.0,4.739,0.88113,0.73793
Bangladesh,2015,0.0,4.694,0.39753,0.60164
Ukraine,2015,10.1,4.681,0.79907,0.6739
Iraq,2015,0.4,4.677,0.98549,0.60237
South Africa,2015,9.5,4.642,0.92049,0.27688
Ghana,2015,3.0,4.633,0.54558,0.40132
Zimbabwe,2015,5.3,4.61,0.271,0.33475
Liberia,2015,4.9,4.571,0.0712,0.34201
India,2015,5.5,4.565,0.64499,0.51529
Haiti,2015,2.8,4.518,0.26673,0.38847
Nepal,2015,0.5,4.514,0.35997,0.56874
Ethiopia,2015,1.6,4.512,0.19073,0.44055
Sierra Leone,2015,5.0,4.507,0.33024,0.0
Mauritania,2015,0.0,4.436,0.45407,0.35874
Kenya,2015,2.0,4.419,0.36471,0.41435
Djibouti,2015,0.5,4.369,0.44025,0.36291
Armenia,2015,5.0,4.35,0.76821,0.7299
Botswana,2015,6.9,4.332,0.99355,0.04776
Myanmar,2015,1.7,4.307,0.27108,0.48246
Georgia,2015,8.9,4.297,0.7419,0.72926
Malawi,2015,4.0,4.292,0.01604,0.22562
Sri Lanka,2015,2.9,4.271,0.83524,0.70806
Cameroon,2015,6.1,4.252,0.4225,0.23402
Bulgaria,2015,12.0,4.218,1.01216,0.76649
Egypt,2015,0.2,4.194,0.8818,0.61712
Yemen,2015,0.0,4.077,0.54649,0.40064
Angola,2015,8.8,4.033,0.75778,0.16683
Mali,2015,1.3,3.995,0.26074,0.20583
Comoros,2015,0.8,3.956,0.23906,0.36315
Uganda,2015,13.0,3.931,0.21102,0.33861
Senegal,2015,0.6,3.904,0.36498,0.4354
Gabon,2015,9.5,3.896,1.06024,0.43372
Niger,2015,0.5,3.845,0.0694,0.29707
Cambodia,2015,6.6,3.819,0.46038,0.61114
Madagascar,2015,1.9,3.681,0.20824,0.46721
Central African Republic,2015,2.4,3.678,0.0785,0.06699
Chad,2015,1.6,3.667,0.34193,0.1501
Guinea,2015,1.2,3.656,0.17417,0.24009
Burkina Faso,2015,10.7,3.587,0.25812,0.27125
Afghanistan,2015,0.0,3.575,0.31982,0.30335
Rwanda,2015,8.3,3.465,0.22208,0.42864
Benin,2015,2.6,3.34,0.28665,0.3191
Burundi,2015,7.2,2.905,0.0153,0.22396
Togo,2015,2.4,2.839,0.20868,0.28443
Finland,2019,10.7,7.769,1.34,0.986
Denmark,2019,10.1,7.6,1.383,0.996
Norway,2019,7.1,7.554,1.488,1.028
Iceland,2019,9.2,7.494,1.38,1.026
Netherlands,2019,9.7,7.488,1.396,0.999
Switzerland,2019,11.2,7.48,1.452,1.052
Sweden,2019,9.0,7.343,1.387,1.009
New Zealand,2019,10.7,7.307,1.303,1.026
Canada,2019,8.8,7.278,1.365,1.039
Austria,2019,11.9,7.246,1.376,1.016
Australia,2019,10.4,7.228,1.372,1.036
Costa Rica,2019,4.1,7.167,1.034,0.963
Israel,2019,4.4,7.139,1.276,1.029
Luxembourg,2019,12.4,7.09,1.609,1.012
Ireland,2019,12.7,7.021,1.499,0.999
Germany,2019,12.8,6.985,1.373,0.987
Belgium,2019,10.8,6.923,1.356,0.986
United Arab Emirates,2019,3.8,6.825,1.503,0.825
Malta,2019,8.3,6.726,1.3,0.999
Mexico,2019,5.0,6.595,1.07,0.861
France,2019,12.2,6.592,1.324,1.045
Chile,2019,8.9,6.444,1.159,0.92
Guatemala,2019,1.6,6.436,0.8,0.746
Saudi Arabia,2019,0.0,6.375,1.403,0.795
Qatar,2019,1.5,6.374,1.684,0.871
Spain,2019,12.7,6.354,1.286,1.062
Panama,2019,7.8,6.321,1.149,0.91
Brazil,2019,7.3,6.3,1.004,0.802
Uruguay,2019,6.9,6.293,1.124,0.891
Singapore,2019,2.0,6.262,1.572,1.141
El Salvador,2019,4.1,6.253,0.794,0.789
Italy,2019,8.0,6.223,1.294,1.039
Bahrain,2019,1.1,6.199,1.362,0.871
Slovakia,2019,11.1,6.198,1.246,0.881
Poland,2019,11.9,6.182,1.206,0.884
Uzbekistan,2019,2.6,6.174,0.745,0.756
Lithuania,2019,12.8,6.149,1.238,0.818
Colombia,2019,5.5,6.125,0.985,0.841
Slovenia,2019,12.1,6.118,1.258,0.953
Nicaragua,2019,5.1,6.105,0.694,0.835
Argentina,2019,9.5,6.086,1.092,0.881
Romania,2019,12.3,6.07,1.162,0.825
Cyprus,2019,10.8,6.046,1.263,1.042
Ecuador,2019,3.3,6.028,0.912,0.868
Kuwait,2019,0.0,6.021,1.5,0.808
Thailand,2019,8.5,6.008,1.05,0.828
Latvia,2019,13.2,5.94,1.187,0.812
Estonia,2019,10.8,5.893,1.237,0.874
Jamaica,2019,4.2,5.89,0.831,0.831
Mauritius,2019,4.8,5.888,1.12,0.798
Japan,2019,10.1,5.886,1.327,1.088
Honduras,2019,3.9,5.86,0.642,0.828
Kazakhstan,2019,5.0,5.809,1.173,0.729
Hungary,2019,11.1,5.758,1.201,0.828
Paraguay,2019,7.0,5.743,0.855,0.777
Peru,2019,6.8,5.697,0.96,0.854
Portugal,2019,12.1,5.693,1.221,0.999
Pakistan,2019,0.3,5.653,0.677,0.535
Philippines,2019,7.0,5.631,0.807,0.657
Serbia,2019,8.9,5.603,1.004,0.854
Libya,2019,0.0,5.525,1.044,0.673
Montenegro,2019,12.2,5.523,1.051,0.871
Tajikistan,2019,0.9,5.467,0.493,0.718
Croatia,2019,8.7,5.432,1.155,0.914
Dominican Republic,2019,6.7,5.425,1.015,0.779
Bosnia and Herzegovina,2019,7.8,5.386,0.945,0.845
Turkey,2019,1.8,5.373,1.183,0.808
Malaysia,2019,0.9,5.339,1.221,0.828
Belarus,2019,11.0,5.323,1.067,0.789
Greece,2019,10.5,5.287,1.181,0.999
Mongolia,2019,5.9,5.285,0.948,0.667
Nigeria,2019,6.2,5.265,0.696,0.245
Kyrgyzstan,2019,4.9,5.261,0.551,0.723
Turkmenistan,2019,3.1,5.247,1.052,0.657
Algeria,2019,0.6,5.211,1.002,0.785
Morocco,2019,0.5,5.208,0.801,0.782
Azerbaijan,2019,1.0,5.208,1.043,0.769
Lebanon,2019,1.5,5.197,0.987,0.815
Indonesia,2019,0.2,5.192,0.931,0.66
China,2019,6.0,5.191,1.029,0.893
Bhutan,2019,0.2,5.082,0.813,0.604
Cameroon,2019,5.5,5.044,0.549,0.331
Bulgaria,2019,12.5,5.011,1.092,0.815
Ghana,2019,2.8,4.996,0.611,0.486
Nepal,2019,0.6,4.913,0.446,0.677
Jordan,2019,0.5,4.906,0.837,0.815
Benin,2019,2.2,4.883,0.393,0.397
Gabon,2019,8.1,4.799,1.057,0.571
South Africa,2019,9.5,4.722,0.96,0.469
Albania,2019,6.8,4.719,0.947,0.874
Cambodia,2019,7.8,4.7,0.574,0.637
Senegal,2019,0.7,4.681,0.45,0.571
Somalia,2019,0.0,4.668,0.0,0.268
Namibia,2019,3.1,4.639,0.879,0.477
Niger,2019,0.5,4.628,0.138,0.366
Burkina Faso,2019,11.0,4.587,0.331,0.38
Armenia,2019,4.7,4.559,0.85,0.815
Guinea,2019,1.1,4.534,0.38,0.375
Georgia,2019,9.5,4.519,0.886,0.752
Gambia,2019,3.4,4.516,0.308,0.428
Kenya,2019,2.1,4.509,0.512,0.581
Mauritania,2019,0.0,4.49,0.57,0.489
Mozambique,2019,2.7,4.466,0.204,0.39
Tunisia,2019,2.0,4.461,0.921,0.815
Bangladesh,2019,0.0,4.456,0.562,0.723
Iraq,2019,0.4,4.437,1.043,0.574
Mali,2019,1.3,4.39,0.385,0.308
Sierra Leone,2019,5.3,4.374,0.268,0.242
Sri Lanka,2019,2.9,4.366,0.949,0.831
Myanmar,2019,2.1,4.36,0.71,0.555
Chad,2019,1.3,4.35,0.35,0.192
Ukraine,2019,8.3,4.332,0.82,0.739
Ethiopia,2019,2.2,4.286,0.336,0.532
Uganda,2019,12.5,4.189,0.332,0.443
Egypt,2019,0.1,4.166,0.913,0.644
Zambia,2019,4.5,4.107,0.578,0.426
Togo,2019,2.7,4.085,0.275,0.41
India,2019,5.6,4.015,0.755,0.588
Liberia,2019,5.4,3.975,0.073,0.443
Comoros,2019,1.1,3.973,0.274,0.505
Madagascar,2019,2.0,3.933,0.274,0.555
Lesotho,2019,5.1,3.802,0.489,0.168
Burundi,2019,7.5,3.775,0.046,0.38
Zimbabwe,2019,4.5,3.663,0.366,0.433
Haiti,2019,3.0,3.597,0.323,0.449
Botswana,2019,6.6,3.488,1.041,0.538
Malawi,2019,4.1,3.41,0.191,0.495
Yemen,2019,0.0,3.38,0.287,0.463
Rwanda,2019,8.0,3.334,0.359,0.614
Afghanistan,2019,0.0,3.203,0.35,0.361
Central African Republic,2019,1.7,3.083,0.026,0.105
